{
    "sqlite": {
        "write": 5.044684886932373,
        "read": 0.047506093978881836
    },
    "json": {
        "write": 0.21866178512573242,
        "read": 0.0072901248931884766
    }
}